Team_Code,Event_ID,Medal_Type,Date_Achieved
DIVW3MTEAM2-CHN01,5,Gold Medal,2024-07-27
DIVW3MTEAM2-USA01,5,Silver Medal,2024-07-27
DIVW3MTEAM2-GBR01,5,Bronze Medal,2024-07-27
RU7MTEAM7---FRA01,13,Gold Medal,2024-07-27
RU7MTEAM7---FRA01,50,Gold Medal,2024-07-27
RU7MTEAM7---FRA01,51,Gold Medal,2024-07-27
RU7MTEAM7---FIJ01,13,Silver Medal,2024-07-27
RU7MTEAM7---FIJ01,50,Silver Medal,2024-07-27
RU7MTEAM7---FIJ01,51,Silver Medal,2024-07-27
RU7MTEAM7---RSA01,13,Bronze Medal,2024-07-27
RU7MTEAM7---RSA01,50,Bronze Medal,2024-07-27
RU7MTEAM7---RSA01,51,Bronze Medal,2024-07-27
SWMM4X100MFRUSA01,46,Gold Medal,2024-07-27
SWMM4X100MFRAUS01,46,Silver Medal,2024-07-27
SWMM4X100MFRITA01,46,Bronze Medal,2024-07-27
SWMW4X100MFRAUS01,29,Gold Medal,2024-07-27
SWMW4X100MFRUSA01,29,Silver Medal,2024-07-27
SWMW4X100MFRCHN01,29,Bronze Medal,2024-07-27
DIVM10MTEAM2CHN01,10,Gold Medal,2024-07-29
DIVM10MTEAM2GBR01,10,Silver Medal,2024-07-29
DIVM10MTEAM2CAN01,10,Bronze Medal,2024-07-29
RU7WTEAM7---NZL01,14,Gold Medal,2024-07-30
RU7WTEAM7---NZL01,52,Gold Medal,2024-07-30
RU7WTEAM7---NZL01,53,Gold Medal,2024-07-30
RU7WTEAM7---CAN01,14,Silver Medal,2024-07-30
RU7WTEAM7---CAN01,52,Silver Medal,2024-07-30
RU7WTEAM7---CAN01,53,Silver Medal,2024-07-30
RU7WTEAM7---USA01,14,Bronze Medal,2024-07-30
RU7WTEAM7---USA01,52,Bronze Medal,2024-07-30
RU7WTEAM7---USA01,53,Bronze Medal,2024-07-30
SWMM4X200MFRGBR01,47,Gold Medal,2024-07-30
SWMM4X200MFRUSA01,47,Silver Medal,2024-07-30
SWMM4X200MFRAUS01,47,Bronze Medal,2024-07-30
DIVW10MTEAM2CHN01,6,Gold Medal,2024-07-31
DIVW10MTEAM2PRK01,6,Silver Medal,2024-07-31
DIVW10MTEAM2GBR01,6,Bronze Medal,2024-07-31
SWMW4X200MFRAUS01,30,Gold Medal,2024-08-01
SWMW4X200MFRUSA01,30,Silver Medal,2024-08-01
SWMW4X200MFRCHN01,30,Bronze Medal,2024-08-01
DIVM3MTEAM2-CHN01,9,Gold Medal,2024-08-02
DIVM3MTEAM2-MEX01,9,Silver Medal,2024-08-02
DIVM3MTEAM2-GBR01,9,Bronze Medal,2024-08-02
SWMX4X100MMDUSA01,49,Gold Medal,2024-08-03
SWMX4X100MMDCHN01,49,Silver Medal,2024-08-03
SWMX4X100MMDAUS01,49,Bronze Medal,2024-08-03
SWMM4X100MMDCHN01,48,Gold Medal,2024-08-04
SWMM4X100MMDUSA01,48,Silver Medal,2024-08-04
SWMM4X100MMDFRA01,48,Bronze Medal,2024-08-04
SWMW4X100MMDUSA01,31,Gold Medal,2024-08-04
SWMW4X100MMDAUS01,31,Silver Medal,2024-08-04
SWMW4X100MMDCHN01,31,Bronze Medal,2024-08-04
BK3MTEAM3---NED01,13,Gold Medal,2024-08-05
BK3MTEAM3---NED01,50,Gold Medal,2024-08-05
BK3MTEAM3---NED01,51,Gold Medal,2024-08-05
BK3MTEAM3---FRA01,13,Silver Medal,2024-08-05
BK3MTEAM3---FRA01,50,Silver Medal,2024-08-05
BK3MTEAM3---FRA01,51,Silver Medal,2024-08-05
BK3MTEAM3---LTU01,13,Bronze Medal,2024-08-05
BK3MTEAM3---LTU01,50,Bronze Medal,2024-08-05
BK3MTEAM3---LTU01,51,Bronze Medal,2024-08-05
BK3WTEAM3---GER01,14,Gold Medal,2024-08-05
BK3WTEAM3---GER01,52,Gold Medal,2024-08-05
BK3WTEAM3---GER01,53,Gold Medal,2024-08-05
BK3WTEAM3---ESP01,14,Silver Medal,2024-08-05
BK3WTEAM3---ESP01,52,Silver Medal,2024-08-05
BK3WTEAM3---ESP01,53,Silver Medal,2024-08-05
BK3WTEAM3---USA01,14,Bronze Medal,2024-08-05
BK3WTEAM3---USA01,52,Bronze Medal,2024-08-05
BK3WTEAM3---USA01,53,Bronze Medal,2024-08-05
SWAWTEAM8---CHN01,2,Gold Medal,2024-08-07
SWAWTEAM8---USA01,2,Silver Medal,2024-08-07
SWAWTEAM8---ESP01,2,Bronze Medal,2024-08-07
FBLMTEAM11--MAR01,13,Bronze Medal,2024-08-08
FBLMTEAM11--MAR01,50,Bronze Medal,2024-08-08
FBLMTEAM11--MAR01,51,Bronze Medal,2024-08-08
HOCMTEAM11--NED01,13,Gold Medal,2024-08-08
HOCMTEAM11--NED01,50,Gold Medal,2024-08-08
HOCMTEAM11--NED01,51,Gold Medal,2024-08-08
HOCMTEAM11--GER01,13,Silver Medal,2024-08-08
HOCMTEAM11--GER01,50,Silver Medal,2024-08-08
HOCMTEAM11--GER01,51,Silver Medal,2024-08-08
HOCMTEAM11--IND01,13,Bronze Medal,2024-08-08
HOCMTEAM11--IND01,50,Bronze Medal,2024-08-08
HOCMTEAM11--IND01,51,Bronze Medal,2024-08-08
VBVWTEAM2---BRA01,14,Gold Medal,2024-08-09
VBVWTEAM2---BRA01,52,Gold Medal,2024-08-09
VBVWTEAM2---BRA01,53,Gold Medal,2024-08-09
VBVWTEAM2---CAN01,14,Silver Medal,2024-08-09
VBVWTEAM2---CAN01,52,Silver Medal,2024-08-09
VBVWTEAM2---CAN01,53,Silver Medal,2024-08-09
VBVWTEAM2---SUI01,14,Bronze Medal,2024-08-09
VBVWTEAM2---SUI01,52,Bronze Medal,2024-08-09
VBVWTEAM2---SUI01,53,Bronze Medal,2024-08-09
FBLMTEAM11--ESP01,13,Gold Medal,2024-08-09
FBLMTEAM11--ESP01,50,Gold Medal,2024-08-09
FBLMTEAM11--ESP01,51,Gold Medal,2024-08-09
FBLMTEAM11--FRA01,13,Silver Medal,2024-08-09
FBLMTEAM11--FRA01,50,Silver Medal,2024-08-09
FBLMTEAM11--FRA01,51,Silver Medal,2024-08-09
FBLWTEAM11--GER01,14,Bronze Medal,2024-08-09
FBLWTEAM11--GER01,52,Bronze Medal,2024-08-09
FBLWTEAM11--GER01,53,Bronze Medal,2024-08-09
HOCWTEAM11--NED01,14,Gold Medal,2024-08-09
HOCWTEAM11--NED01,52,Gold Medal,2024-08-09
HOCWTEAM11--NED01,53,Gold Medal,2024-08-09
HOCWTEAM11--CHN01,14,Silver Medal,2024-08-09
HOCWTEAM11--CHN01,52,Silver Medal,2024-08-09
HOCWTEAM11--CHN01,53,Silver Medal,2024-08-09
HOCWTEAM11--ARG01,14,Bronze Medal,2024-08-09
HOCWTEAM11--ARG01,52,Bronze Medal,2024-08-09
HOCWTEAM11--ARG01,53,Bronze Medal,2024-08-09
VVOMTEAM6---USA01,13,Bronze Medal,2024-08-09
VVOMTEAM6---USA01,50,Bronze Medal,2024-08-09
VVOMTEAM6---USA01,51,Bronze Medal,2024-08-09
SWAWTEAM2---CHN01,1,Gold Medal,2024-08-10
SWAWTEAM2---GBR01,1,Silver Medal,2024-08-10
SWAWTEAM2---NED01,1,Bronze Medal,2024-08-10
BKBMTEAM5---USA01,13,Gold Medal,2024-08-10
BKBMTEAM5---USA01,50,Gold Medal,2024-08-10
BKBMTEAM5---USA01,51,Gold Medal,2024-08-10
BKBMTEAM5---FRA01,13,Silver Medal,2024-08-10
BKBMTEAM5---FRA01,50,Silver Medal,2024-08-10
BKBMTEAM5---FRA01,51,Silver Medal,2024-08-10
BKBMTEAM5---SRB01,13,Bronze Medal,2024-08-10
BKBMTEAM5---SRB01,50,Bronze Medal,2024-08-10
BKBMTEAM5---SRB01,51,Bronze Medal,2024-08-10
VBVMTEAM2---SWE01,13,Gold Medal,2024-08-10
VBVMTEAM2---SWE01,50,Gold Medal,2024-08-10
VBVMTEAM2---SWE01,51,Gold Medal,2024-08-10
VBVMTEAM2---GER01,13,Silver Medal,2024-08-10
VBVMTEAM2---GER01,50,Silver Medal,2024-08-10
VBVMTEAM2---GER01,51,Silver Medal,2024-08-10
VBVMTEAM2---NOR01,13,Bronze Medal,2024-08-10
VBVMTEAM2---NOR01,50,Bronze Medal,2024-08-10
VBVMTEAM2---NOR01,51,Bronze Medal,2024-08-10
FBLWTEAM11--USA01,14,Gold Medal,2024-08-10
FBLWTEAM11--USA01,52,Gold Medal,2024-08-10
FBLWTEAM11--USA01,53,Gold Medal,2024-08-10
FBLWTEAM11--BRA01,14,Silver Medal,2024-08-10
FBLWTEAM11--BRA01,52,Silver Medal,2024-08-10
FBLWTEAM11--BRA01,53,Silver Medal,2024-08-10
HBLWTEAM7---NOR01,14,Gold Medal,2024-08-10
HBLWTEAM7---NOR01,52,Gold Medal,2024-08-10
HBLWTEAM7---NOR01,53,Gold Medal,2024-08-10
HBLWTEAM7---FRA01,14,Silver Medal,2024-08-10
HBLWTEAM7---FRA01,52,Silver Medal,2024-08-10
HBLWTEAM7---FRA01,53,Silver Medal,2024-08-10
HBLWTEAM7---DEN01,14,Bronze Medal,2024-08-10
HBLWTEAM7---DEN01,52,Bronze Medal,2024-08-10
HBLWTEAM7---DEN01,53,Bronze Medal,2024-08-10
VVOMTEAM6---FRA01,13,Gold Medal,2024-08-10
VVOMTEAM6---FRA01,50,Gold Medal,2024-08-10
VVOMTEAM6---FRA01,51,Gold Medal,2024-08-10
VVOMTEAM6---POL01,13,Silver Medal,2024-08-10
VVOMTEAM6---POL01,50,Silver Medal,2024-08-10
VVOMTEAM6---POL01,51,Silver Medal,2024-08-10
VVOWTEAM6---BRA01,14,Bronze Medal,2024-08-10
VVOWTEAM6---BRA01,52,Bronze Medal,2024-08-10
VVOWTEAM6---BRA01,53,Bronze Medal,2024-08-10
WPOWTEAM7---ESP01,14,Gold Medal,2024-08-10
WPOWTEAM7---ESP01,52,Gold Medal,2024-08-10
WPOWTEAM7---ESP01,53,Gold Medal,2024-08-10
WPOWTEAM7---AUS01,14,Silver Medal,2024-08-10
WPOWTEAM7---AUS01,52,Silver Medal,2024-08-10
WPOWTEAM7---AUS01,53,Silver Medal,2024-08-10
WPOWTEAM7---NED01,14,Bronze Medal,2024-08-10
WPOWTEAM7---NED01,52,Bronze Medal,2024-08-10
WPOWTEAM7---NED01,53,Bronze Medal,2024-08-10
BKBWTEAM5---USA01,14,Gold Medal,2024-08-11
BKBWTEAM5---USA01,52,Gold Medal,2024-08-11
BKBWTEAM5---USA01,53,Gold Medal,2024-08-11
BKBWTEAM5---FRA01,14,Silver Medal,2024-08-11
BKBWTEAM5---FRA01,52,Silver Medal,2024-08-11
BKBWTEAM5---FRA01,53,Silver Medal,2024-08-11
BKBWTEAM5---AUS01,14,Bronze Medal,2024-08-11
BKBWTEAM5---AUS01,52,Bronze Medal,2024-08-11
BKBWTEAM5---AUS01,53,Bronze Medal,2024-08-11
HBLMTEAM7---DEN01,13,Gold Medal,2024-08-11
HBLMTEAM7---DEN01,50,Gold Medal,2024-08-11
HBLMTEAM7---DEN01,51,Gold Medal,2024-08-11
HBLMTEAM7---GER01,13,Silver Medal,2024-08-11
HBLMTEAM7---GER01,50,Silver Medal,2024-08-11
HBLMTEAM7---GER01,51,Silver Medal,2024-08-11
HBLMTEAM7---ESP01,13,Bronze Medal,2024-08-11
HBLMTEAM7---ESP01,50,Bronze Medal,2024-08-11
HBLMTEAM7---ESP01,51,Bronze Medal,2024-08-11
VVOWTEAM6---ITA01,14,Gold Medal,2024-08-11
VVOWTEAM6---ITA01,52,Gold Medal,2024-08-11
VVOWTEAM6---ITA01,53,Gold Medal,2024-08-11
VVOWTEAM6---USA01,14,Silver Medal,2024-08-11
VVOWTEAM6---USA01,52,Silver Medal,2024-08-11
VVOWTEAM6---USA01,53,Silver Medal,2024-08-11
WPOMTEAM7---SRB01,13,Gold Medal,2024-08-11
WPOMTEAM7---SRB01,50,Gold Medal,2024-08-11
WPOMTEAM7---SRB01,51,Gold Medal,2024-08-11
WPOMTEAM7---CRO01,13,Silver Medal,2024-08-11
WPOMTEAM7---CRO01,50,Silver Medal,2024-08-11
WPOMTEAM7---CRO01,51,Silver Medal,2024-08-11
WPOMTEAM7---USA01,13,Bronze Medal,2024-08-11
WPOMTEAM7---USA01,50,Bronze Medal,2024-08-11
WPOMTEAM7---USA01,51,Bronze Medal,2024-08-11
